{
	"class_name" : "PinholeCameraParameters",
	"extrinsic" : 
	[
		0.82772632036931326,
		-0.067533111817539224,
		0.55705333440893867,
		0.0,
		-0.56083116913773701,
		-0.13206809825912627,
		0.81732883048734861,
		0.0,
		0.018372215203292967,
		-0.98893745819968704,
		-0.14719091506633955,
		0.0,
		-49.773898657755439,
		617.95423242406855,
		1336.4127797266071,
		1.0
	],
	"intrinsic" : 
	{
		"height" : 900,
		"intrinsic_matrix" : 
		[
			779.4228634059948,
			0.0,
			0.0,
			0.0,
			779.4228634059948,
			0.0,
			449.5,
			449.5,
			1.0
		],
		"width" : 900
	},
	"version_major" : 1,
	"version_minor" : 0
}